[
	{
	"ID":1,
	"Time":"1665062658",
	"Content":"Vestibulum ante ipsum primis in faucibus orci luctus et ultrices posuere cubilia Curae; Mauris viverra diam vitae quam. Suspendisse potenti. Nullam porttitor lacus at turpis.",
	"Keywords":["tech", "world"],
	"Hits":1
	},


{"ID":2,"Time":"1667713371","Content":"Pellentesque eget nunc. Donec quis orci eget orci vehicula condimentum. Curabitur in libero ut massa volutpat convallis. Morbi odio odio, elementum eu, interdum eu, tincidunt in, leo. Maecenas pulvinar lobortis est. Phasellus sit amet erat. Nulla tempus.","Keywords":[],"Hits":2},
{"ID":3,"Time":"1666464839","Content":"Fusce posuere felis sed lacus. Morbi sem mauris, laoreet ut, rhoncus aliquet, pulvinar sed, nisl. Nunc rhoncus dui vel sem.","Keywords":["sport"],"Hits":3},
{"ID":4,"Time":"1663475364","Content":"Curabitur gravida nisi at nibh. In hac habitasse platea dictumst.","Keywords":["tech"],"Hits":4},
{"ID":5,"Time":"1655513816","Content":"Vestibulum sed magna at nunc commodo placerat. Praesent blandit. Nam nulla. Integer pede justo, lacinia eget, tincidunt eget, tempus vel, pede. Morbi porttitor lorem id ligula.","Keywords":["crime"],"Hits":5}]